ID OMM station;Pression station
7005;101070
7005;102720
7005;102750
7005;102720
7005;102240
7005;102100
7005;101660
7005;101130
7005;102280
7005;101970
7005;102280
7005;101960
7005;101860
7005;101290
7005;101100
7005;101460
7005;100570
7005;99520
7005;100740
7005;101680
7005;102150
7005;99910
7005;101260
7005;102540
7005;102130
7005;102560
7005;101930
7005;101320
7005;101630
7005;101480
7005;99860
7005;102120
7005;101590
7005;101820
7005;101780
7005;102260
7005;102510
7005;100030
7005;101480
7005;101750
7005;101970
7005;101520
7005;100570
7005;99690
7005;101580
7005;101400
7005;101710
7005;101490
7005;101520
7005;101840
7005;100800
7005;101660
7005;102430
7005;101730
7005;101570
7005;102330
7005;101350
7005;101300
7005;101910
7005;102580
7005;101230
7005;101400
7005;102190
7005;102490
7005;102690
7005;102110
7005;100290
7005;100420
7005;101500
7005;101470
7005;99630
7005;99810
7005;102190
7005;102050
7005;100980
7005;99510
7005;101730
7005;101340
7005;100960
7005;101190
7005;101260
7005;99980
7005;102180
7005;102260
7005;102670
7005;102400
7005;99990
7005;99870
7005;100000
7005;101560
7005;100240
7005;101290
7005;100220
7005;99370
7005;99530
7005;99510
7005;102780
7005;100920
7005;101590
7005;101310
7005;102400
7005;99600
7005;99820
7005;101230
7005;100940
7005;102580
7005;101090
7005;100090
7005;101360
7005;101610
7005;100510
7005;101940
7005;102750
7005;101410
7005;102570
7005;102360
7005;102010
7005;102260
7005;99760
7005;101780
7015;102100
7015;101760
7015;100600
7015;101610
7015;100510
7015;101700
7015;102980
7015;102180
7015;100210
7015;101550
7015;100900
7015;101290
7015;102270
7015;100120
7015;102080
7015;100970
7015;102140
7015;100690
7015;102640
7015;101740
7015;102410
7015;102730
7015;101710
7015;99930
7015;102120
7015;102990
7015;102000
7015;102440
7015;102570
7015;102740
7015;101620
7015;102320
7015;101690
7015;101850
7015;99800
7015;101840
7015;101420
7015;100710
7015;102420
7015;101550
7015;101170
7015;102720
7015;102870
7015;99850
7015;101690
7015;100270
7015;100300
7015;102310
7015;101770
7015;101530
7015;102790
7015;102700
7015;102570
7015;101590
7015;102470
7015;101630
7015;100070
7015;100400
7015;102010
7015;100440
7015;100550
7015;101730
7015;100130
7015;102530
7015;101420
7015;102120
7015;101930
7015;102590
7015;101860
7015;101330
7015;102440
7015;101510
7015;101820
7015;101420
7015;102480
7015;102310
7015;101890
7015;101240
7015;102550
7015;100040
7015;99890
7015;102440
7015;102060
7015;102570
7015;99820
7015;101640
7015;102180
7015;101710
7015;99970
7015;101970
7015;101540
7015;101840
7015;102220
7015;102070
7015;103030
7015;103020
7015;101980
7015;101720
7015;102720
7015;103020
7015;101640
7015;102590
7015;101210
7015;100370
7015;100270
7015;101370
7015;102650
7015;100150
7015;101230
7015;102950
7015;102830
7015;102910
7015;101560
7015;102590
7015;102720
7015;100870
7015;101800
7015;99720
7015;102570
7015;101120
7020;100880
7020;103600
7020;102250
7020;102180
7020;101690
7020;103550
7020;102500
7020;102110
7020;102180
7020;101950
7020;103030
7020;102090
7020;101550
7020;102290
7020;102750
7020;99680
7020;101590
7020;102300
7020;103410
7020;103460
7020;100470
7020;103040
7020;101600
7020;100470
7020;102420
7020;99900
7020;102080
7020;102220
7020;103290
7020;99920
7020;102200
7020;102180
7020;102850
7020;103010
7020;102760
7020;101780
7020;102220
7020;101900
7020;102020
7020;99930
7020;103620
7020;102500
7020;103600
7020;102500
7020;102330
7020;102700
7020;100450
7020;100910
7020;101790
7020;102070
7020;102890
7020;102660
7020;102410
7020;102280
7020;102180
7020;102500
7020;101450
7020;103590
7020;103390
7020;102160
7020;103460
7020;102900
7020;100960
7020;101040
7020;100550
7020;102690
7020;101710
7020;103080
7020;102210
7020;99960
7020;101240
7020;101530
7020;99920
7020;99790
7020;99900
7020;103520
7020;103620
7020;101930
7020;102530
7020;102290
7020;102770
7020;101960
7020;102040
7020;100580
7020;102800
7020;102250
7020;99820
7020;102940
7020;101920
7020;102050
7020;102430
7020;103250
7020;102230
7020;101280
7020;102680
7020;101210
7020;102090
7020;99890
7020;102760
7020;102340
7020;102390
7020;102660
7020;102680
7020;103210
7020;100030
7020;102670
7020;100290
7020;102680
7020;102460
7020;103600
7020;101810
7020;100060
7020;102460
7020;101810
7020;100820
7020;102180
7020;103500
7020;102700
7020;101530
7020;99690
7027;100670
7027;101790
7027;101070
7027;102230
7027;102540
7027;102100
7027;101940
7027;102900
7027;99640
7027;99430
7027;101770
7027;100290
7027;102930
7027;101630
7027;102360
7027;101450
7027;102940
7027;102050
7027;102050
7027;101930
7027;102710
7027;101740
7027;102800
7027;101900
7027;100670
7027;99510
7027;99510
7027;101680
7027;101550
7027;99490
7027;101710
7027;100690
7027;101250
7027;102370
7027;101360
7027;100200
7027;101730
7027;101360
7027;102910
7027;102020
7027;99640
7027;102910
7027;102150
7027;102340
7027;100490
7027;100060
7027;102470
7027;101190
7027;101670
7027;101690
7027;100870
7027;99550
7027;102230
7027;100860
7027;102040
7027;101680
7027;101350
7027;99940
7027;102080
7027;102960
7027;99990
7027;102130
7027;101750
7027;102270
7027;100430
7027;101870
7027;102740
7027;101370
7027;101890
7027;101330
7027;101590
7027;101580
7027;102940
7027;101530
7027;102470
7027;101670
7027;102810
7027;102310
7027;101680
7027;99770
7027;99830
7027;101060
7027;102040
7027;101650
7027;101490
7027;99810
7027;101820
7027;101750
7027;101490
7027;101650
7027;101100
7027;102940
7027;101910
7027;101500
7027;102530
7027;99740
7027;99710
7027;102110
7027;102090
7027;102890
7027;101850
7027;101330
7027;101190
7027;99770
7027;100050
7027;101600
7027;102000
7027;101710
7027;102650
7027;101730
7027;101530
7027;102440
7027;101090
7027;102650
7027;101980
7027;100050
7027;99520
7027;101600
7027;101510
7027;101980
7037;100630
7037;100120
7037;100430
7037;101460
7037;101220
7037;99430
7037;101250
7037;100750
7037;100030
7037;99040
7037;100210
7037;99750
7037;100770
7037;100420
7037;100950
7037;101290
7037;100830
7037;100810
7037;101460
7037;101780
7037;101050
7037;101090
7037;100830
7037;98910
7037;99050
7037;101570
7037;101370
7037;100590
7037;99620
7037;100640
7037;100570
7037;99030
7037;100380
7037;101190
7037;100990
7037;100640
7037;100500
7037;101020
7037;101010
7037;100660
7037;100910
7037;100540
7037;100670
7037;100810
7037;99960
7037;100780
7037;100370
7037;101750
7037;101830
7037;99360
7037;98810
7037;100670
7037;99250
7037;100930
7037;100970
7037;98920
7037;100780
7037;101140
7037;101030
7037;98750
7037;99060
7037;101280
7037;100280
7037;100680
7037;101230
7037;99100
7037;99900
7037;101030
7037;99010
7037;99620
7037;100820
7037;101850
7037;100750
7037;101440
7037;100180
7037;100310
7037;101750
7037;98620
7037;99190
7037;101130
7037;98800
7037;99120
7037;101150
7037;100380
7037;99660
7037;101830
7037;101750
7037;100530
7037;99080
7037;100740
7037;101340
7037;100410
7037;100440
7037;100570
7037;100140
7037;98750
7037;100770
7037;101400
7037;101500
7037;100530
7037;98670
7037;101160
7037;101620
7037;101740
7037;101640
7037;100930
7037;101830
7037;100650
7037;100420
7037;100500
7037;101650
7037;100440
7037;101810
7037;100580
7037;101360
7037;100650
7037;99130
7037;101150
7037;99310
7037;100090
7072;100130
7072;102190
7072;101770
7072;101670
7072;101300
7072;101240
7072;101220
7072;102000
7072;101820
7072;101380
7072;102140
7072;101450
7072;100100
7072;100710
7072;100450
7072;101410
7072;102030
7072;102360
7072;102380
7072;101050
7072;99870
7072;100390
7072;101010
7072;102040
7072;100260
7072;101510
7072;100990
7072;102450
7072;101440
7072;101670
7072;99950
7072;101470
7072;102170
7072;101490
7072;100260
7072;102030
7072;101720
7072;101490
7072;101790
7072;101710
7072;102510
7072;101370
7072;101610
7072;100320
7072;102250
7072;101400
7072;100220
7072;102090
7072;101960
7072;102340
7072;101470
7072;101250
7072;102230
7072;101530
7072;101570
7072;102450
7072;99990
7072;100190
7072;100770
7072;102220
7072;102000
7072;102050
7072;101620
7072;101770
7072;101420
7072;100100
7072;100180
7072;100730
7072;102220
7072;102260
7072;101950
7072;100000
7072;100190
7072;101860
7072;101740
7072;100070
7072;102110
7072;101650
7072;101990
7072;100640
7072;101130
7072;101470
7072;101210
7072;102160
7072;101560
7072;99950
7072;102400
7072;100800
7072;101190
7072;101470
7072;101890
7072;101220
7072;101570
7072;102010
7072;102560
7072;100450
7072;101540
7072;101840
7072;100280
7072;100270
7072;100180
7072;101400
7072;102520
7072;100960
7072;99850
7072;101930
7072;100190
7072;101100
7072;102310
7072;102080
7072;101110
7072;102330
7072;101260
7072;101380
7072;101700
7072;101380
7072;102520
7072;101840
7072;101060
7072;101450
7110;101410
7110;99770
7110;98770
7110;101540
7110;101730
7110;100910
7110;102500
7110;101420
7110;100770
7110;99060
7110;101350
7110;102730
7110;100080
7110;102710
7110;102570
7110;101880
7110;102630
7110;101130
7110;101630
7110;101080
7110;99260
7110;101290
7110;100990
7110;99350
7110;101970
7110;100510
7110;101320
7110;100760
7110;100850
7110;102560
7110;102160
7110;101330
7110;98920
7110;99030
7110;101620
7110;99780
7110;100450
7110;98870
7110;101490
7110;101200
7110;101390
7110;102010
7110;101540
7110;100080
7110;101650
7110;101470
7110;100670
7110;101450
7110;102020
7110;101320
7110;101320
7110;101760
7110;101680
7110;101010
7110;101330
7110;102460
7110;102150
7110;99870
7110;101240
7110;100090
7110;99010
7110;102420
7110;98870
7110;101500
7110;101850
7110;101000
7110;101280
7110;101670
7110;98790
7110;101010
7110;101350
7110;101090
7110;98980
7110;99680
7110;101910
7110;101260
7110;101650
7110;101230
7110;101320
7110;98810
7110;100630
7110;101300
7110;101220
7110;98960
7110;102370
7110;101370
7110;100810
7110;101420
7110;101530
7110;101680
7110;100780
7110;101320
7110;102630
7110;101350
7110;101040
7110;101780
7110;101500
7110;101550
7110;101610
7110;98890
7110;99640
7110;100520
7110;101890
7110;100340
7110;101870
7110;102530
7110;101470
7110;102070
7110;102730
7110;102670
7110;102620
7110;101520
7110;99030
7110;100340
7110;100800
7110;101120
7110;99180
7110;101150
7110;101370
7110;101150
7117;101200
7117;99470
7117;101120
7117;102020
7117;103140
7117;101460
7117;100930
7117;101600
7117;102280
7117;101580
7117;103050
7117;103150
7117;101890
7117;99210
7117;99250
7117;100020
7117;102840
7117;101620
7117;100270
7117;102570
7117;101850
7117;101920
7117;103090
7117;102960
7117;101860
7117;99310
7117;101680
7117;101680
7117;101750
7117;102130
7117;101780
7117;102020
7117;101440
7117;102140
7117;101770
7117;100510
7117;101450
7117;101650
7117;101680
7117;100930
7117;99460
7117;101580
7117;99430
7117;101490
7117;102010
7117;103050
7117;101990
7117;99160
7117;99310
7117;102250
7117;101760
7117;101730
7117;101760
7117;99410
7117;99570
7117;101190
7117;101330
7117;103100
7117;101670
7117;100070
7117;101990
7117;102220
7117;103150
7117;103000
7117;101970
7117;100220
7117;101730
7117;100630
7117;99670
7117;99340
7117;99180
7117;102470
7117;102280
7117;101980
7117;102040
7117;101730
7117;102350
7117;99640
7117;99440
7117;101220
7117;99930
7117;101320
7117;102910
7117;101850
7117;102320
7117;102500
7117;101900
7117;102020
7117;101530
7117;101270
7117;101190
7117;102110
7117;101740
7117;102450
7117;101950
7117;102120
7117;102720
7117;103130
7117;100480
7117;100790
7117;102280
7117;102490
7117;100030
7117;101770
7117;101110
7117;101370
7117;102080
7117;102940
7117;102610
7117;101890
7117;101710
7117;101950
7117;102060
7117;101720
7117;103000
7117;101560
7117;101270
7117;100740
7117;100740
7117;101420
7130;101200
7130;102450
7130;102870
7130;102390
7130;103360
7130;100320
7130;100050
7130;100110
7130;103340
7130;103320
7130;102120
7130;101790
7130;101880
7130;100650
7130;103140
7130;102980
7130;102390
7130;100930
7130;100160
7130;102490
7130;103040
7130;102080
7130;102730
7130;102180
7130;102080
7130;102820
7130;102150
7130;102520
7130;101660
7130;102220
7130;100610
7130;102180
7130;101190
7130;100970
7130;102170
7130;101730
7130;103430
7130;102390
7130;102990
7130;102910
7130;102310
7130;102820
7130;101280
7130;100380
7130;102350
7130;101830
7130;102420
7130;102160
7130;103450
7130;102010
7130;100170
7130;101410
7130;100140
7130;100040
7130;102780
7130;102700
7130;102100
7130;102420
7130;101850
7130;102950
7130;102150
7130;103200
7130;102600
7130;102250
7130;102320
7130;102290
7130;103320
7130;100230
7130;101750
7130;101490
7130;100780
7130;102060
7130;102330
7130;102180
7130;102180
7130;102330
7130;102440
7130;100330
7130;100270
7130;101570
7130;103420
7130;101960
7130;102470
7130;102280
7130;102480
7130;101930
7130;101840
7130;102210
7130;100390
7130;102220
7130;102210
7130;100800
7130;102050
7130;100240
7130;103400
7130;103400
7130;102360
7130;101840
7130;102360
7130;102430
7130;102620
7130;103200
7130;102390
7130;102270
7130;100410
7130;102260
7130;100540
7130;102160
7130;102830
7130;102050
7130;100390
7130;101660
7130;102030
7130;103450
7130;102360
7130;101370
7130;100150
7130;102390
7130;102070
7130;102270
7139;100280
7139;101190
7139;100640
7139;100880
7139;101900
7139;98910
7139;101110
7139;99200
7139;101170
7139;100590
7139;102020
7139;100800
7139;99220
7139;100920
7139;100450
7139;100900
7139;101520
7139;99100
7139;101270
7139;100840
7139;100830
7139;100260
7139;100910
7139;99260
7139;99350
7139;100930
7139;99030
7139;99820
7139;101250
7139;101970
7139;100820
7139;100980
7139;101130
7139;102020
7139;100990
7139;101000
7139;100090
7139;99760
7139;101340
7139;102000
7139;100440
7139;100940
7139;101030
7139;101540
7139;99570
7139;100900
7139;100860
7139;101960
7139;100690
7139;101110
7139;99260
7139;100610
7139;99330
7139;99260
7139;100520
7139;101850
7139;101540
7139;99990
7139;100870
7139;101200
7139;101000
7139;101650
7139;101590
7139;101470
7139;99280
7139;101010
7139;99000
7139;101670
7139;102020
7139;102000
7139;99710
7139;99130
7139;101090
7139;100990
7139;101960
7139;101350
7139;101590
7139;99500
7139;100310
7139;100830
7139;99380
7139;101560
7139;100730
7139;100500
7139;101000
7139;100600
7139;101690
7139;101170
7139;100710
7139;100760
7139;98870
7139;99800
7139;101100
7139;100930
7139;101210
7139;101310
7139;100790
7139;100260
7139;101340
7139;100320
7139;101070
7139;99090
7139;101150
7139;99170
7139;100830
7139;100750
7139;101780
7139;100700
7139;100850
7139;100830
7139;99060
7139;101010
7139;101970
7139;99410
7139;100600
7139;101250
7139;101740
7139;101220
7139;100750
7139;100550
7149;100460
7149;101530
7149;102120
7149;101530
7149;100670
7149;101110
7149;102430
7149;102540
7149;101310
7149;100170
7149;100890
7149;101310
7149;102100
7149;102320
7149;101800
7149;100410
7149;100180
7149;100270
7149;101410
7149;101960
7149;101440
7149;101610
7149;102650
7149;101590
7149;101770
7149;100500
7149;102040
7149;101270
7149;99830
7149;102350
7149;102270
7149;101550
7149;102570
7149;101240
7149;101730
7149;101710
7149;102320
7149;101790
7149;102400
7149;102600
7149;102620
7149;100820
7149;101660
7149;101860
7149;101650
7149;101110
7149;99970
7149;100070
7149;100670
7149;100150
7149;101520
7149;102290
7149;102530
7149;101490
7149;101030
7149;102510
7149;99960
7149;100190
7149;101280
7149;101620
7149;101800
7149;102440
7149;101670
7149;101460
7149;101140
7149;102540
7149;101750
7149;100220
7149;99800
7149;100050
7149;101510
7149;101210
7149;101560
7149;101650
7149;101450
7149;101290
7149;101710
7149;99940
7149;101570
7149;101090
7149;102610
7149;101900
7149;100110
7149;102080
7149;101560
7149;101490
7149;101390
7149;102620
7149;100210
7149;101950
7149;101490
7149;101930
7149;101990
7149;102220
7149;102320
7149;101320
7149;101570
7149;101750
7149;102200
7149;101410
7149;102030
7149;100980
7149;99920
7149;102030
7149;101620
7149;100120
7149;100460
7149;102040
7149;101770
7149;100060
7149;101560
7149;101930
7149;102120
7149;102060
7149;101650
7149;101550
7149;100230
7149;100180
7149;102230
7149;101940
7168;100070
7168;101360
7168;101340
7168;101100
7168;102190
7168;101480
7168;101950
7168;101380
7168;100980
7168;102070
7168;101690
7168;101150
7168;102260
7168;101530
7168;100050
7168;101770
7168;100000
7168;101500
7168;101410
7168;101320
7168;101970
7168;101210
7168;102160
7168;100590
7168;100210
7168;101840
7168;100910
7168;100050
7168;101640
7168;101540
7168;101350
7168;99890
7168;100100
7168;101230
7168;101860
7168;101180
7168;102250
7168;100570
7168;101440
7168;100160
7168;100170
7168;101100
7168;102160
7168;101330
7168;99950
7168;101240
7168;100080
7168;101940
7168;101250
7168;101060
7168;101220
7168;101720
7168;101440
7168;101670
7168;101460
7168;101250
7168;101150
7168;100580
7168;101320
7168;101630
7168;99950
7168;100630
7168;101070
7168;101720
7168;101740
7168;102010
7168;101370
7168;101760
7168;102250
7168;100110
7168;100010
7168;99840
7168;100910
7168;99830
7168;101480
7168;100070
7168;101820
7168;101390
7168;102270
7168;101040
7168;101710
7168;101340
7168;101810
7168;101730
7168;101270
7168;101330
7168;102000
7168;100160
7168;101110
7168;101560
7168;102180
7168;101570
7168;102290
7168;102040
7168;101420
7168;101000
7168;100720
7168;99950
7168;100310
7168;100910
7168;100320
7168;101890
7168;101370
7168;100120
7168;100810
7168;100170
7168;102130
7168;102080
7168;101580
7168;101430
7168;101550
7168;102230
7168;101150
7168;101880
7168;101350
7168;100320
7168;101480
7168;101810
7168;101800
7168;101520
7181;98840
7181;98560
7181;97810
7181;99010
7181;98970
7181;98730
7181;98790
7181;98640
7181;97390
7181;97580
7181;99010
7181;98120
7181;97320
7181;98380
7181;98800
7181;98920
7181;99370
7181;98830
7181;97300
7181;99210
7181;99290
7181;98820
7181;98470
7181;98960
7181;97400
7181;99080
7181;99050
7181;98480
7181;97610
7181;97820
7181;99140
7181;99200
7181;98920
7181;98770
7181;99090
7181;97550
7181;97680
7181;98720
7181;97560
7181;98730
7181;98740
7181;98660
7181;98410
7181;99360
7181;98440
7181;98330
7181;99120
7181;99460
7181;98430
7181;98680
7181;98030
7181;97570
7181;98770
7181;98540
7181;99030
7181;98410
7181;97610
7181;98610
7181;98990
7181;98710
7181;98580
7181;98380
7181;98570
7181;98920
7181;98150
7181;99250
7181;99290
7181;98760
7181;98500
7181;98320
7181;99450
7181;97460
7181;97620
7181;98020
7181;98040
7181;98450
7181;97510
7181;98840
7181;98680
7181;99060
7181;98990
7181;98930
7181;98490
7181;97440
7181;97690
7181;97510
7181;99230
7181;97770
7181;99500
7181;99280
7181;98550
7181;98730
7181;98730
7181;98800
7181;98250
7181;97420
7181;98960
7181;98670
7181;99100
7181;99020
7181;97630
7181;98690
7181;97750
7181;99030
7181;99300
7181;99420
7181;99460
7181;98040
7181;99120
7181;99450
7181;98660
7181;98580
7181;98600
7181;97570
7181;98310
7181;98860
7181;99270
7181;97510
7181;98250
7181;98750
7190;101210
7190;101570
7190;101360
7190;101810
7190;101110
7190;101050
7190;101530
7190;101040
7190;101030
7190;100360
7190;100370
7190;100290
7190;101550
7190;101540
7190;100980
7190;100570
7190;101290
7190;101540
7190;101450
7190;101320
7190;101140
7190;100050
7190;101470
7190;100150
7190;101330
7190;100070
7190;101400
7190;100560
7190;100700
7190;101010
7190;101340
7190;101540
7190;101370
7190;100820
7190;100870
7190;101040
7190;100370
7190;101240
7190;100940
7190;101310
7190;101400
7190;100180
7190;99850
7190;101050
7190;99810
7190;101340
7190;101600
7190;99970
7190;99860
7190;101880
7190;101270
7190;101200
7190;100890
7190;101780
7190;101690
7190;100530
7190;100790
7190;101610
7190;101490
7190;101300
7190;99800
7190;101080
7190;99960
7190;100140
7190;101140
7190;101020
7190;100550
7190;99700
7190;100020
7190;100900
7190;101630
7190;101170
7190;101250
7190;101520
7190;101850
7190;101030
7190;100860
7190;101030
7190;100090
7190;101030
7190;101180
7190;101460
7190;101320
7190;100760
7190;100630
7190;99850
7190;99770
7190;99950
7190;101790
7190;100730
7190;101380
7190;101230
7190;100960
7190;100820
7190;100700
7190;101480
7190;100650
7190;99910
7190;100200
7190;101150
7190;100030
7190;101240
7190;100100
7190;101060
7190;101450
7190;100860
7190;101750
7190;99900
7190;99970
7190;101430
7190;100830
7190;100970
7190;101510
7190;100940
7190;101170
7190;101810
7190;100970
7190;99870
7190;101600
7190;99750
7207;102600
7207;100010
7207;102400
7207;103220
7207;101850
7207;101390
7207;102060
7207;101680
7207;101190
7207;100350
7207;102920
7207;103450
7207;102180
7207;101620
7207;102660
7207;102210
7207;102140
7207;101890
7207;102250
7207;102440
7207;100200
7207;102720
7207;101580
7207;101610
7207;100750
7207;102300
7207;102210
7207;100130
7207;102760
7207;102360
7207;101840
7207;102090
7207;100020
7207;101160
7207;102430
7207;102780
7207;102280
7207;103110
7207;102830
7207;101760
7207;101740
7207;103330
7207;102340
7207;102290
7207;101530
7207;102430
7207;101970
7207;102300
7207;102160
7207;100110
7207;101790
7207;102340
7207;101220
7207;100940
7207;102370
7207;102420
7207;100130
7207;102080
7207;102230
7207;101390
7207;102420
7207;103430
7207;103240
7207;102430
7207;103200
7207;102110
7207;103310
7207;103350
7207;102330
7207;100220
7207;100190
7207;100520
7207;100090
7207;100380
7207;102280
7207;102300
7207;102100
7207;100480
7207;102870
7207;100000
7207;102100
7207;102120
7207;101940
7207;102730
7207;102290
7207;102240
7207;102380
7207;100560
7207;101090
7207;102460
7207;102230
7207;103020
7207;102880
7207;101990
7207;100920
7207;100230
7207;102120
7207;102230
7207;102730
7207;102620
7207;100870
7207;102250
7207;102300
7207;102190
7207;100110
7207;100130
7207;102300
7207;103370
7207;103170
7207;103440
7207;101990
7207;101900
7207;102390
7207;102060
7207;103390
7207;102530
7207;102150
7207;102200
7207;102050
7207;101970
7222;102620
7222;102350
7222;102220
7222;102460
7222;103110
7222;102400
7222;102530
7222;100950
7222;102650
7222;101780
7222;102500
7222;102800
7222;103540
7222;101550
7222;103130
7222;102260
7222;102610
7222;102610
7222;100520
7222;102320
7222;102130
7222;102190
7222;101090
7222;102000
7222;100730
7222;102430
7222;103270
7222;102390
7222;102590
7222;103030
7222;103560
7222;102550
7222;100650
7222;102740
7222;101020
7222;100710
7222;100750
7222;100840
7222;102770
7222;103090
7222;102580
7222;102090
7222;102900
7222;103560
7222;103490
7222;102330
7222;101980
7222;103210
7222;103550
7222;103050
7222;102300
7222;101390
7222;102510
7222;102360
7222;100680
7222;102420
7222;103050
7222;102380
7222;101110
7222;102310
7222;103430
7222;102160
7222;102000
7222;102450
7222;101310
7222;100770
7222;102450
7222;100750
7222;101790
7222;102660
7222;102670
7222;100630
7222;103320
7222;102280
7222;102370
7222;102700
7222;102570
7222;101590
7222;103070
7222;102940
7222;102540
7222;102630
7222;102430
7222;100620
7222;102430
7222;102450
7222;100580
7222;102650
7222;100830
7222;103030
7222;102520
7222;102560
7222;102530
7222;102210
7222;103580
7222;102410
7222;101680
7222;100720
7222;101040
7222;103460
7222;102510
7222;102560
7222;100530
7222;102940
7222;102760
7222;101570
7222;102560
7222;100700
7222;101420
7222;103410
7222;103570
7222;102340
7222;102550
7222;102480
7222;102480
7222;102560
7222;102500
7222;102150
7222;102060
7222;101950
7240;100700
7240;101830
7240;99950
7240;101570
7240;101390
7240;100540
7240;101060
7240;101090
7240;101470
7240;100900
7240;99940
7240;101510
7240;101790
7240;102360
7240;101560
7240;101230
7240;101420
7240;101610
7240;101240
7240;101730
7240;101570
7240;102080
7240;101910
7240;101230
7240;99950
7240;101480
7240;100740
7240;101180
7240;102260
7240;102420
7240;101080
7240;102110
7240;101650
7240;101350
7240;101360
7240;101540
7240;101260
7240;101500
7240;101410
7240;101460
7240;100000
7240;101000
7240;101570
7240;101540
7240;101250
7240;101450
7240;101710
7240;99860
7240;100110
7240;102400
7240;101510
7240;100040
7240;102070
7240;100710
7240;102140
7240;101500
7240;102470
7240;101700
7240;101370
7240;100880
7240;99880
7240;100260
7240;102090
7240;101550
7240;99930
7240;100350
7240;100490
7240;101530
7240;99920
7240;101260
7240;102090
7240;100340
7240;101660
7240;101360
7240;102040
7240;101390
7240;101850
7240;102060
7240;101400
7240;101340
7240;100040
7240;100760
7240;101560
7240;101430
7240;100210
7240;100040
7240;101370
7240;101450
7240;99870
7240;101650
7240;101560
7240;101590
7240;99790
7240;99910
7240;101610
7240;101240
7240;102420
7240;101700
7240;101480
7240;99780
7240;101780
7240;101310
7240;101710
7240;100030
7240;101980
7240;101130
7240;101830
7240;101200
7240;102200
7240;101370
7240;102390
7240;102430
7240;102350
7240;101540
7240;99970
7240;102460
7240;101660
7240;101990
7240;99990
7240;101090
7255;100880
7255;101760
7255;99590
7255;101050
7255;99520
7255;101390
7255;101500
7255;99500
7255;100200
7255;99730
7255;101490
7255;100620
7255;100960
7255;101670
7255;101780
7255;100930
7255;100990
7255;100940
7255;99660
7255;99470
7255;101210
7255;100950
7255;100640
7255;100080
7255;101070
7255;100850
7255;101040
7255;100990
7255;99750
7255;101140
7255;100890
7255;100050
7255;99560
7255;99630
7255;101540
7255;100920
7255;100720
7255;100820
7255;101680
7255;101080
7255;101250
7255;100980
7255;99400
7255;100890
7255;101270
7255;99870
7255;101010
7255;100380
7255;99510
7255;99640
7255;101170
7255;101090
7255;100600
7255;99410
7255;99550
7255;101140
7255;100810
7255;101770
7255;101690
7255;101030
7255;99740
7255;100680
7255;101130
7255;101250
7255;101150
7255;101390
7255;100970
7255;101440
7255;101430
7255;100540
7255;100270
7255;99610
7255;99880
7255;101260
7255;101720
7255;100750
7255;101410
7255;100690
7255;101240
7255;100730
7255;100820
7255;99640
7255;100670
7255;100720
7255;100770
7255;100880
7255;100440
7255;100840
7255;100970
7255;100890
7255;100900
7255;100760
7255;100260
7255;101000
7255;101030
7255;100620
7255;101170
7255;101000
7255;100820
7255;99620
7255;99530
7255;101160
7255;100820
7255;101370
7255;101680
7255;101240
7255;100440
7255;101040
7255;100000
7255;100960
7255;99560
7255;101050
7255;101700
7255;101080
7255;100850
7255;100720
7255;101440
7255;100400
7255;100740
7255;99610
7280;99180
7280;100410
7280;100510
7280;100170
7280;100140
7280;99060
7280;99230
7280;100410
7280;100440
7280;99970
7280;100890
7280;100430
7280;100070
7280;100120
7280;100740
7280;100900
7280;100020
7280;100460
7280;99130
7280;99170
7280;100370
7280;100090
7280;100200
7280;100020
7280;99040
7280;100320
7280;100490
7280;99720
7280;99510
7280;99490
7280;100450
7280;100220
7280;100280
7280;100660
7280;99230
7280;100490
7280;99590
7280;100170
7280;98940
7280;100410
7280;100320
7280;100520
7280;100930
7280;100140
7280;99340
7280;99950
7280;100230
7280;100330
7280;100270
7280;99890
7280;100120
7280;99050
7280;99090
7280;100500
7280;100360
7280;100760
7280;100340
7280;100640
7280;100190
7280;100290
7280;100250
7280;99660
7280;100600
7280;100500
7280;100230
7280;99080
7280;99210
7280;99980
7280;100870
7280;100660
7280;100140
7280;100310
7280;100150
7280;100860
7280;100270
7280;99020
7280;100600
7280;100190
7280;100890
7280;99720
7280;99580
7280;99810
7280;100040
7280;100340
7280;100320
7280;100590
7280;99380
7280;99880
7280;98960
7280;100550
7280;99120
7280;100200
7280;99980
7280;100280
7280;100540
7280;99140
7280;99690
7280;100330
7280;100050
7280;99060
7280;100320
7280;100380
7280;99020
7280;99040
7280;100510
7280;100350
7280;100090
7280;99270
7280;99200
7280;100340
7280;100300
7280;100790
7280;100610
7280;100530
7280;100290
7280;99060
7280;100680
7280;100110
7280;100780
7280;100310
7299;99690
7299;99680
7299;99880
7299;98680
7299;99790
7299;100360
7299;100280
7299;100320
7299;99510
7299;98590
7299;98860
7299;99790
7299;99640
7299;99920
7299;99670
7299;99400
7299;100080
7299;100330
7299;98640
7299;99490
7299;98500
7299;99100
7299;98480
7299;99930
7299;98570
7299;99630
7299;98650
7299;99240
7299;100100
7299;98530
7299;99980
7299;98910
7299;99260
7299;99730
7299;99700
7299;99130
7299;98590
7299;98730
7299;99500
7299;100320
7299;99560
7299;99940
7299;100210
7299;99800
7299;100100
7299;99510
7299;98700
7299;98550
7299;98740
7299;99790
7299;100030
7299;98540
7299;99640
7299;99400
7299;99830
7299;98740
7299;100100
7299;99830
7299;99750
7299;99710
7299;99690
7299;98930
7299;99960
7299;100030
7299;99700
7299;99840
7299;100170
7299;100010
7299;99560
7299;99960
7299;99520
7299;99680
7299;99630
7299;99080
7299;99900
7299;99540
7299;99850
7299;99440
7299;99370
7299;99030
7299;100270
7299;99450
7299;100030
7299;99800
7299;99220
7299;98810
7299;99580
7299;100340
7299;98650
7299;99590
7299;99820
7299;99620
7299;99750
7299;99700
7299;99810
7299;99680
7299;99910
7299;98630
7299;99440
7299;99760
7299;99830
7299;98800
7299;98840
7299;99900
7299;99840
7299;99920
7299;99650
7299;99410
7299;99590
7299;99680
7299;99470
7299;99910
7299;99960
7299;100010
7299;98680
7299;100110
7299;98740
7299;98440
7299;99290
7299;99770
7314;101120
7314;102110
7314;102420
7314;103630
7314;102730
7314;100990
7314;102730
7314;103520
7314;102570
7314;100950
7314;101310
7314;102710
7314;102500
7314;102890
7314;102530
7314;103570
7314;103450
7314;102750
7314;101020
7314;102680
7314;103600
7314;102450
7314;102390
7314;103080
7314;102450
7314;102850
7314;102720
7314;102190
7314;101070
7314;102820
7314;101050
7314;102510
7314;102840
7314;102580
7314;102650
7314;102510
7314;101160
7314;100990
7314;101340
7314;102860
7314;102550
7314;103340
7314;102960
7314;102780
7314;102590
7314;102740
7314;102790
7314;102760
7314;102700
7314;102100
7314;102410
7314;103250
7314;103620
7314;102390
7314;103030
7314;102740
7314;102770
7314;103200
7314;102940
7314;102720
7314;100880
7314;101640
7314;102750
7314;102630
7314;102720
7314;103420
7314;103570
7314;102590
7314;101980
7314;101830
7314;103240
7314;102880
7314;102770
7314;102430
7314;101100
7314;101290
7314;102150
7314;101580
7314;102650
7314;103090
7314;102850
7314;102770
7314;102750
7314;101380
7314;101480
7314;102920
7314;101880
7314;102440
7314;103440
7314;102890
7314;103180
7314;101480
7314;102520
7314;102540
7314;102260
7314;102910
7314;102760
7314;103160
7314;100970
7314;101020
7314;102590
7314;102360
7314;102770
7314;102710
7314;101870
7314;102860
7314;103150
7314;101330
7314;101050
7314;102700
7314;103270
7314;103050
7314;101950
7314;102570
7314;101740
7314;103620
7314;102460
7314;102420
7314;101120
7314;102810
7335;101500
7335;100840
7335;100020
7335;101590
7335;101610
7335;101600
7335;101510
7335;100080
7335;100010
7335;101300
7335;101960
7335;102030
7335;101420
7335;102050
7335;101490
7335;101560
7335;101610
7335;101980
7335;99970
7335;101980
7335;100380
7335;101640
7335;101210
7335;101410
7335;101520
7335;102370
7335;102370
7335;100010
7335;101920
7335;100110
7335;100170
7335;100960
7335;100090
7335;100770
7335;102330
7335;101380
7335;100770
7335;102350
7335;101190
7335;101790
7335;100460
7335;101910
7335;101580
7335;101140
7335;101380
7335;101390
7335;101240
7335;101630
7335;101360
7335;101430
7335;99970
7335;101370
7335;101560
7335;101160
7335;101350
7335;99940
7335;101570
7335;101060
7335;100510
7335;100410
7335;101200
7335;101630
7335;100120
7335;101610
7335;101500
7335;101670
7335;101180
7335;100220
7335;99900
7335;101910
7335;102340
7335;102230
7335;101520
7335;101590
7335;102350
7335;101460
7335;101360
7335;101340
7335;100010
7335;100770
7335;101260
7335;100190
7335;101710
7335;101370
7335;101360
7335;101720
7335;101090
7335;100790
7335;101540
7335;101860
7335;101670
7335;101740
7335;101190
7335;100580
7335;99880
7335;99980
7335;101400
7335;102170
7335;100010
7335;101530
7335;102010
7335;101760
7335;101530
7335;100950
7335;101540
7335;101230
7335;101240
7335;101570
7335;101520
7335;101420
7335;101710
7335;101680
7335;101500
7335;102260
7335;102250
7335;102010
7335;99950
7335;100020
7335;101250
7335;101520
7434;98300
7434;96780
7434;98290
7434;98650
7434;98260
7434;96800
7434;96940
7434;98030
7434;97980
7434;98420
7434;98420
7434;98030
7434;97580
7434;98220
7434;98100
7434;96810
7434;96850
7434;98230
7434;97900
7434;98090
7434;98280
7434;98620
7434;98590
7434;98530
7434;97880
7434;98040
7434;97950
7434;97850
7434;98810
7434;97430
7434;98460
7434;98180
7434;97030
7434;98300
7434;97800
7434;97710
7434;98760
7434;98540
7434;98260
7434;97290
7434;98770
7434;98020
7434;98410
7434;98250
7434;98510
7434;97720
7434;98210
7434;96860
7434;96930
7434;98310
7434;98160
7434;98100
7434;98740
7434;97110
7434;98130
7434;98260
7434;98440
7434;98340
7434;98140
7434;98130
7434;97550
7434;98280
7434;97710
7434;98120
7434;98260
7434;97050
7434;97860
7434;96860
7434;98220
7434;98350
7434;98080
7434;98170
7434;96920
7434;96840
7434;98260
7434;98820
7434;98320
7434;98450
7434;98320
7434;98310
7434;98150
7434;96860
7434;98030
7434;97280
7434;98320
7434;97900
7434;98240
7434;97110
7434;98050
7434;98770
7434;97450
7434;98340
7434;97030
7434;98550
7434;97880
7434;97910
7434;98740
7434;98330
7434;96970
7434;97240
7434;97930
7434;98240
7434;97960
7434;98460
7434;97980
7434;97460
7434;98170
7434;97230
7434;97510
7434;98270
7434;97980
7434;98090
7434;97910
7434;98240
7434;98130
7434;96820
7434;98490
7434;97110
7434;96850
7434;98220
7460;99450
7460;99000
7460;99040
7460;99040
7460;99400
7460;99600
7460;97820
7460;98060
7460;99020
7460;99280
7460;99390
7460;99300
7460;99720
7460;98250
7460;99750
7460;99650
7460;98700
7460;98090
7460;98460
7460;99110
7460;98870
7460;99370
7460;99020
7460;98390
7460;99240
7460;97880
7460;97890
7460;99150
7460;98480
7460;99130
7460;97790
7460;99070
7460;98980
7460;99160
7460;99300
7460;99520
7460;99240
7460;98770
7460;99110
7460;99060
7460;99110
7460;97880
7460;97790
7460;99260
7460;98840
7460;99110
7460;99110
7460;98780
7460;99460
7460;98140
7460;99350
7460;99160
7460;98810
7460;98640
7460;98990
7460;98250
7460;97860
7460;99160
7460;99610
7460;97810
7460;99250
7460;99230
7460;99790
7460;97850
7460;97860
7460;99240
7460;99190
7460;98190
7460;99190
7460;98880
7460;99660
7460;98050
7460;98100
7460;99270
7460;99400
7460;99300
7460;97860
7460;99440
7460;99350
7460;98970
7460;99240
7460;98440
7460;97840
7460;98880
7460;99300
7460;99620
7460;98670
7460;99150
7460;98130
7460;99120
7460;99240
7460;98820
7460;98920
7460;99180
7460;99740
7460;99140
7460;98860
7460;98590
7460;99420
7460;97940
7460;98820
7460;99020
7460;98700
7460;98990
7460;97830
7460;99030
7460;98950
7460;98980
7460;99040
7460;98570
7460;97830
7460;99110
7460;99170
7460;98690
7460;99210
7460;98860
7460;98900
7460;99150
7460;97880
7460;99050
7471;93190
7471;92660
7471;93140
7471;93260
7471;93220
7471;93110
7471;92310
7471;93640
7471;93350
7471;92430
7471;92270
7471;93050
7471;93160
7471;93100
7471;93000
7471;92470
7471;93000
7471;93190
7471;93020
7471;93090
7471;93160
7471;93250
7471;93050
7471;92310
7471;93290
7471;92110
7471;92300
7471;93170
7471;93280
7471;92310
7471;92590
7471;93390
7471;92450
7471;93120
7471;93230
7471;93380
7471;92840
7471;93530
7471;93270
7471;92990
7471;92720
7471;92900
7471;92940
7471;93210
7471;93290
7471;92750
7471;92920
7471;92250
7471;92980
7471;93350
7471;93280
7471;93450
7471;93630
7471;93400
7471;93310
7471;93030
7471;93360
7471;93570
7471;92510
7471;92630
7471;92570
7471;92960
7471;93190
7471;92230
7471;93210
7471;93040
7471;93100
7471;93270
7471;93390
7471;93270
7471;93370
7471;93170
7471;92180
7471;92270
7471;93110
7471;93220
7471;93340
7471;93240
7471;92830
7471;93130
7471;92330
7471;92400
7471;92700
7471;93060
7471;93240
7471;93120
7471;92470
7471;92930
7471;93300
7471;93280
7471;93490
7471;93680
7471;93390
7471;93270
7471;93420
7471;93270
7471;92790
7471;93340
7471;93270
7471;92270
7471;92420
7471;93330
7471;93250
7471;93200
7471;92760
7471;93060
7471;92270
7471;93220
7471;93630
7471;92200
7471;93380
7471;93090
7471;93600
7471;93270
7471;93510
7471;93140
7471;93270
7471;93100
7471;93220
7471;92500
7481;100280
7481;99140
7481;100470
7481;99930
7481;100240
7481;99370
7481;100060
7481;100260
7481;100050
7481;100380
7481;100640
7481;100190
7481;100400
7481;99070
7481;99470
7481;99820
7481;99040
7481;100250
7481;100220
7481;100440
7481;99120
7481;100390
7481;100230
7481;99170
7481;99880
7481;100440
7481;100420
7481;100200
7481;99930
7481;100020
7481;100320
7481;100330
7481;99100
7481;99710
7481;100030
7481;100050
7481;100190
7481;100110
7481;99550
7481;99700
7481;99900
7481;98950
7481;100000
7481;100230
7481;100270
7481;100340
7481;100370
7481;99200
7481;99810
7481;99850
7481;100130
7481;99670
7481;100480
7481;100260
7481;99160
7481;100170
7481;99960
7481;100620
7481;99200
7481;100300
7481;100360
7481;100310
7481;100600
7481;100370
7481;100430
7481;99310
7481;100040
7481;99060
7481;100110
7481;100430
7481;100160
7481;100200
7481;100310
7481;100330
7481;99790
7481;99640
7481;99880
7481;99170
7481;100200
7481;100290
7481;99440
7481;100210
7481;100120
7481;100510
7481;100190
7481;100030
7481;99230
7481;99260
7481;100190
7481;99050
7481;99980
7481;99110
7481;99140
7481;99450
7481;100120
7481;100350
7481;100290
7481;100400
7481;100250
7481;99380
7481;99660
7481;100230
7481;99160
7481;99280
7481;100080
7481;100290
7481;100640
7481;100630
7481;99810
7481;100320
7481;100200
7481;99630
7481;100060
7481;100670
7481;100090
7481;100180
7481;100140
7481;100010
7481;100240
7481;100320
7510;102220
7510;101160
7510;100960
7510;103190
7510;102540
7510;102650
7510;103140
7510;102550
7510;102100
7510;103030
7510;101650
7510;102250
7510;102090
7510;101080
7510;102360
7510;102310
7510;102760
7510;103130
7510;102520
7510;102590
7510;102890
7510;102450
7510;102690
7510;102370
7510;102600
7510;102460
7510;101750
7510;102530
7510;102580
7510;102190
7510;102570
7510;102190
7510;103210
7510;102480
7510;101510
7510;102880
7510;101700
7510;102430
7510;102590
7510;100970
7510;102400
7510;102330
7510;102070
7510;101760
7510;102650
7510;102570
7510;102360
7510;101020
7510;102180
7510;101310
7510;102630
7510;101270
7510;101000
7510;101800
7510;102230
7510;102550
7510;102330
7510;100920
7510;102540
7510;102210
7510;102280
7510;102620
7510;102460
7510;102310
7510;103100
7510;102710
7510;101230
7510;102890
7510;102270
7510;101010
7510;102570
7510;102560
7510;102990
7510;103190
7510;103020
7510;101120
7510;102510
7510;101480
7510;101890
7510;103220
7510;102840
7510;102800
7510;101850
7510;101500
7510;102630
7510;100980
7510;101590
7510;102540
7510;101470
7510;102500
7510;102800
7510;102520
7510;102290
7510;102590
7510;102850
7510;101070
7510;101030
7510;102710
7510;102310
7510;102610
7510;102370
7510;100950
7510;102890
7510;102610
7510;102600
7510;101790
7510;101950
7510;101020
7510;102620
7510;102530
7510;102620
7510;102340
7510;102690
7510;102910
7510;102590
7510;102530
7510;102930
7510;102570
7510;101900
7510;102610
7535;100250
7535;100010
7535;99970
7535;100230
7535;99820
7535;100380
7535;99300
7535;100390
7535;98610
7535;99040
7535;100100
7535;99330
7535;99770
7535;99830
7535;100460
7535;100310
7535;100000
7535;100110
7535;98920
7535;100270
7535;99550
7535;99660
7535;99850
7535;99640
7535;100030
7535;100080
7535;99110
7535;98730
7535;100210
7535;99320
7535;98890
7535;99490
7535;99990
7535;100080
7535;99480
7535;99860
7535;99950
7535;100240
7535;99990
7535;99280
7535;100120
7535;99680
7535;100220
7535;99740
7535;100150
7535;100230
7535;99860
7535;98850
7535;98710
7535;100070
7535;100250
7535;99990
7535;99730
7535;100130
7535;99210
7535;100010
7535;100400
7535;98580
7535;99620
7535;100310
7535;99990
7535;100070
7535;100020
7535;99600
7535;98860
7535;99910
7535;100020
7535;98620
7535;98640
7535;98610
7535;100470
7535;99820
7535;99670
7535;99880
7535;100200
7535;100140
7535;99390
7535;98600
7535;100010
7535;99620
7535;99190
7535;99930
7535;98760
7535;98710
7535;100010
7535;99970
7535;99580
7535;99300
7535;99760
7535;100140
7535;100170
7535;100080
7535;100260
7535;99850
7535;99630
7535;100140
7535;99970
7535;100070
7535;100060
7535;100300
7535;99840
7535;99720
7535;100080
7535;99910
7535;99060
7535;99990
7535;98670
7535;99870
7535;99900
7535;100070
7535;99760
7535;99900
7535;100440
7535;100420
7535;98810
7535;99670
7535;99730
7535;99210
7535;98720
7535;98590
7558;94240
7558;94560
7558;93670
7558;93680
7558;94510
7558;94640
7558;94490
7558;94530
7558;94640
7558;94730
7558;93660
7558;93700
7558;94540
7558;93710
7558;94440
7558;94620
7558;94520
7558;94820
7558;93980
7558;93660
7558;94670
7558;94470
7558;94430
7558;94130
7558;93640
7558;93890
7558;94570
7558;94620
7558;93830
7558;93970
7558;94130
7558;94730
7558;94600
7558;94690
7558;94840
7558;94460
7558;93880
7558;93950
7558;94040
7558;94630
7558;94490
7558;94440
7558;94690
7558;94230
7558;94530
7558;94270
7558;93720
7558;94500
7558;94720
7558;94710
7558;94200
7558;93970
7558;94400
7558;93670
7558;93690
7558;94600
7558;94730
7558;94500
7558;94680
7558;94410
7558;94560
7558;94780
7558;94550
7558;94010
7558;94420
7558;94390
7558;94800
7558;94610
7558;94310
7558;94550
7558;94680
7558;94550
7558;94380
7558;94600
7558;94150
7558;94610
7558;94550
7558;94640
7558;94330
7558;93940
7558;93700
7558;94540
7558;94690
7558;94450
7558;94590
7558;94640
7558;93730
7558;93670
7558;93580
7558;94600
7558;94740
7558;94470
7558;94400
7558;94460
7558;94450
7558;94250
7558;94490
7558;94470
7558;94550
7558;93840
7558;94590
7558;94840
7558;94000
7558;94490
7558;94750
7558;94620
7558;94690
7558;94760
7558;94690
7558;94580
7558;94420
7558;94520
7558;94540
7558;94730
7558;94500
7558;94500
7558;93970
7558;94510
7558;94600
7558;94630
7577;102250
7577;101480
7577;102090
7577;102020
7577;102300
7577;102330
7577;102340
7577;101340
7577;101540
7577;102090
7577;102100
7577;102180
7577;101520
7577;102380
7577;102190
7577;102270
7577;101990
7577;101700
7577;101720
7577;102210
7577;102150
7577;102070
7577;101500
7577;101940
7577;102280
7577;102250
7577;102300
7577;102150
7577;102310
7577;102140
7577;102070
7577;102340
7577;102130
7577;101520
7577;102350
7577;101440
7577;101660
7577;101570
7577;102230
7577;102210
7577;102350
7577;102110
7577;101480
7577;102480
7577;102000
7577;102160
7577;101390
7577;101450
7577;101610
7577;102110
7577;101780
7577;102460
7577;101790
7577;101330
7577;101640
7577;102020
7577;102160
7577;101920
7577;101790
7577;102190
7577;102270
7577;102140
7577;101950
7577;102270
7577;101910
7577;102040
7577;102130
7577;101360
7577;102130
7577;102260
7577;102050
7577;102370
7577;102200
7577;101520
7577;102080
7577;102180
7577;102060
7577;102030
7577;101570
7577;102250
7577;102150
7577;102220
7577;102220
7577;102290
7577;102210
7577;102010
7577;101560
7577;101770
7577;101970
7577;102320
7577;102310
7577;101610
7577;102160
7577;101680
7577;101980
7577;102240
7577;102310
7577;102070
7577;101980
7577;101640
7577;102270
7577;102370
7577;102130
7577;101360
7577;101580
7577;101960
7577;101370
7577;102310
7577;102280
7577;101810
7577;102270
7577;101950
7577;101430
7577;102100
7577;102270
7577;101910
7577;101460
7577;101990
7577;102020
7577;102110
7591;92780
7591;92480
7591;92620
7591;92470
7591;92290
7591;92110
7591;92720
7591;92690
7591;92270
7591;92570
7591;92800
7591;92370
7591;92960
7591;92820
7591;92520
7591;92330
7591;92500
7591;92580
7591;92430
7591;92570
7591;92910
7591;92380
7591;92860
7591;92530
7591;92880
7591;92300
7591;92240
7591;92040
7591;92270
7591;92440
7591;92190
7591;92830
7591;92770
7591;92660
7591;92450
7591;92840
7591;92650
7591;92230
7591;92600
7591;92510
7591;92310
7591;92640
7591;92860
7591;92320
7591;92670
7591;92250
7591;92170
7591;92460
7591;92540
7591;92510
7591;92830
7591;92860
7591;92750
7591;92740
7591;92490
7591;92710
7591;92480
7591;92770
7591;92460
7591;92730
7591;92140
7591;92730
7591;92760
7591;92870
7591;92390
7591;92830
7591;92560
7591;92870
7591;92450
7591;92280
7591;92110
7591;92460
7591;92860
7591;92810
7591;92620
7591;92670
7591;92840
7591;92590
7591;92610
7591;92790
7591;92290
7591;92720
7591;92680
7591;92460
7591;92400
7591;92410
7591;92190
7591;92840
7591;92090
7591;92310
7591;92230
7591;92510
7591;92570
7591;92760
7591;92820
7591;92610
7591;92280
7591;92830
7591;92870
7591;92620
7591;92440
7591;92640
7591;92390
7591;92650
7591;92760
7591;92480
7591;92590
7591;92290
7591;92870
7591;92580
7591;92600
7591;92430
7591;92350
7591;92210
7591;92410
7591;92870
7591;92180
7591;92400
7591;92450
7591;92780
7607;102760
7607;102800
7607;101630
7607;101080
7607;102460
7607;103040
7607;101720
7607;102600
7607;102510
7607;102480
7607;102580
7607;102920
7607;102500
7607;102420
7607;101000
7607;102440
7607;101970
7607;102790
7607;102530
7607;102390
7607;102690
7607;101980
7607;101450
7607;102580
7607;101810
7607;102340
7607;102340
7607;102970
7607;102450
7607;101010
7607;101640
7607;102180
7607;102380
7607;101830
7607;102320
7607;102290
7607;102190
7607;102170
7607;102400
7607;102210
7607;102820
7607;102210
7607;102390
7607;102000
7607;100960
7607;100910
7607;101020
7607;102560
7607;102860
7607;102420
7607;102580
7607;102630
7607;102850
7607;102010
7607;102180
7607;102400
7607;102550
7607;102330
7607;102520
7607;102830
7607;102580
7607;102910
7607;101460
7607;101780
7607;102460
7607;100960
7607;100850
7607;101010
7607;101070
7607;102070
7607;102560
7607;101160
7607;102120
7607;102510
7607;102250
7607;100960
7607;102400
7607;102430
7607;102450
7607;102560
7607;101900
7607;102290
7607;102140
7607;102650
7607;102410
7607;103030
7607;101620
7607;100920
7607;102740
7607;102220
7607;102090
7607;101750
7607;101720
7607;102520
7607;102580
7607;102780
7607;102060
7607;101710
7607;102750
7607;102640
7607;102240
7607;102530
7607;102870
7607;102210
7607;102170
7607;101140
7607;100940
7607;101320
7607;101400
7607;102370
7607;102080
7607;103010
7607;102520
7607;102430
7607;103010
7607;101120
7607;102460
7607;102370
7607;102460
7607;102670
7621;97520
7621;98700
7621;98810
7621;99250
7621;97860
7621;98850
7621;99040
7621;99140
7621;98520
7621;98270
7621;98620
7621;98180
7621;98110
7621;98460
7621;97320
7621;98300
7621;98610
7621;99180
7621;98220
7621;98040
7621;99300
7621;98680
7621;99010
7621;98700
7621;98790
7621;98910
7621;97570
7621;98400
7621;98800
7621;97380
7621;98690
7621;97510
7621;97270
7621;99200
7621;98690
7621;99260
7621;98980
7621;98310
7621;98440
7621;97450
7621;98900
7621;99010
7621;99040
7621;98750
7621;98630
7621;98070
7621;98390
7621;98800
7621;98750
7621;98280
7621;98740
7621;98890
7621;98630
7621;97670
7621;98740
7621;99310
7621;98680
7621;98540
7621;98820
7621;98400
7621;99150
7621;97760
7621;98690
7621;98730
7621;98780
7621;97410
7621;98050
7621;99030
7621;98580
7621;98470
7621;97260
7621;98600
7621;97260
7621;98860
7621;99000
7621;97960
7621;98820
7621;98930
7621;98880
7621;98530
7621;98900
7621;97420
7621;98640
7621;98280
7621;98520
7621;98890
7621;98850
7621;98700
7621;98620
7621;98490
7621;97510
7621;97270
7621;98470
7621;98860
7621;98750
7621;97790
7621;99120
7621;98930
7621;98370
7621;98840
7621;97290
7621;99050
7621;98670
7621;98300
7621;98190
7621;99060
7621;98610
7621;97410
7621;98660
7621;98480
7621;99160
7621;98430
7621;98740
7621;98880
7621;99130
7621;98270
7621;97850
7621;99000
7621;97370
7621;98560
7627;97730
7627;96870
7627;96940
7627;97930
7627;98700
7627;98420
7627;97190
7627;98330
7627;97880
7627;98320
7627;98040
7627;96890
7627;98300
7627;97980
7627;98250
7627;97010
7627;98160
7627;98010
7627;97300
7627;98440
7627;98070
7627;97430
7627;96930
7627;97830
7627;98630
7627;98510
7627;98240
7627;98300
7627;97970
7627;98400
7627;98220
7627;98270
7627;98080
7627;97670
7627;97960
7627;97830
7627;96720
7627;97800
7627;98650
7627;98130
7627;98390
7627;98440
7627;97510
7627;98550
7627;98550
7627;98130
7627;98540
7627;98500
7627;98360
7627;98250
7627;97950
7627;98360
7627;98070
7627;98130
7627;98430
7627;96810
7627;98330
7627;98180
7627;96750
7627;97040
7627;97570
7627;97730
7627;98110
7627;96780
7627;98160
7627;98380
7627;98260
7627;97520
7627;98140
7627;98190
7627;98610
7627;98050
7627;97540
7627;98100
7627;98040
7627;98210
7627;96790
7627;97810
7627;97800
7627;97910
7627;97710
7627;96890
7627;97670
7627;97810
7627;97950
7627;98080
7627;97910
7627;98520
7627;98330
7627;97660
7627;98260
7627;98260
7627;98010
7627;97920
7627;98190
7627;97720
7627;97530
7627;97140
7627;97240
7627;98630
7627;98280
7627;98190
7627;97890
7627;98240
7627;97940
7627;97200
7627;96810
7627;96780
7627;97980
7627;98380
7627;98020
7627;97750
7627;98560
7627;97050
7627;97720
7627;96860
7627;98410
7627;98470
7627;98130
7627;98110
7630;101420
7630;101280
7630;101480
7630;101390
7630;101290
7630;100520
7630;101410
7630;101060
7630;101310
7630;101290
7630;100200
7630;100100
7630;101000
7630;100990
7630;101280
7630;101790
7630;101540
7630;101530
7630;101210
7630;100670
7630;101170
7630;101770
7630;100690
7630;101310
7630;100030
7630;101550
7630;100720
7630;100760
7630;100070
7630;101420
7630;99910
7630;101680
7630;101370
7630;101350
7630;100950
7630;101490
7630;101460
7630;101040
7630;101370
7630;101140
7630;99900
7630;101350
7630;100000
7630;101680
7630;100930
7630;101350
7630;101730
7630;101670
7630;101480
7630;101250
7630;101580
7630;101640
7630;101450
7630;101010
7630;101820
7630;100130
7630;100140
7630;100450
7630;100360
7630;100970
7630;101690
7630;101430
7630;100690
7630;101320
7630;101500
7630;101120
7630;101000
7630;100690
7630;100840
7630;101370
7630;101630
7630;99980
7630;100220
7630;101210
7630;100180
7630;99990
7630;101140
7630;101200
7630;101490
7630;99980
7630;101080
7630;101100
7630;101830
7630;101430
7630;101230
7630;101510
7630;101590
7630;100770
7630;100060
7630;101400
7630;101470
7630;101380
7630;100760
7630;101020
7630;100770
7630;101630
7630;101240
7630;101440
7630;101100
7630;101350
7630;101440
7630;101320
7630;101530
7630;101110
7630;100440
7630;101340
7630;100850
7630;100250
7630;101080
7630;101070
7630;101450
7630;101680
7630;101660
7630;101690
7630;100320
7630;101140
7630;101570
7630;101340
7630;101270
7630;101810
7643;102400
7643;102510
7643;102660
7643;103060
7643;103190
7643;102930
7643;102860
7643;103100
7643;102260
7643;102970
7643;102350
7643;103050
7643;102800
7643;102910
7643;102270
7643;102710
7643;103220
7643;103150
7643;102900
7643;102900
7643;102910
7643;103080
7643;102320
7643;102410
7643;102730
7643;102940
7643;102770
7643;102460
7643;102120
7643;102910
7643;102850
7643;102280
7643;102950
7643;102120
7643;102050
7643;102240
7643;102870
7643;102650
7643;102360
7643;102310
7643;103000
7643;103100
7643;103130
7643;102130
7643;102470
7643;102670
7643;102960
7643;102930
7643;102760
7643;102970
7643;102830
7643;103040
7643;102850
7643;102800
7643;102560
7643;102950
7643;102580
7643;102600
7643;102980
7643;102770
7643;102480
7643;102910
7643;102760
7643;102720
7643;102490
7643;102270
7643;102880
7643;102920
7643;102880
7643;103050
7643;102670
7643;102570
7643;102240
7643;102400
7643;103040
7643;102210
7643;103020
7643;102980
7643;103090
7643;103020
7643;102070
7643;102180
7643;102750
7643;102850
7643;102380
7643;102160
7643;102770
7643;102850
7643;102930
7643;102870
7643;102760
7643;102950
7643;102880
7643;102760
7643;102850
7643;102210
7643;102770
7643;102670
7643;103000
7643;102820
7643;103120
7643;103020
7643;102820
7643;102840
7643;102850
7643;102830
7643;102770
7643;103000
7643;102870
7643;102890
7643;102820
7643;102440
7643;102620
7643;102920
7643;102200
7643;103080
7643;103010
7643;103100
7643;102420
7643;102860
7650;102330
7650;102300
7650;102190
7650;102240
7650;102190
7650;102590
7650;102620
7650;102130
7650;102180
7650;102470
7650;102450
7650;102680
7650;102700
7650;102550
7650;101900
7650;102130
7650;102490
7650;102440
7650;102450
7650;102170
7650;102350
7650;102630
7650;102720
7650;102470
7650;102300
7650;102760
7650;101900
7650;102100
7650;102810
7650;102490
7650;102340
7650;102600
7650;102110
7650;102430
7650;102010
7650;102070
7650;102100
7650;102200
7650;102640
7650;102220
7650;102190
7650;102530
7650;102480
7650;102340
7650;102780
7650;102130
7650;102340
7650;102570
7650;102770
7650;102570
7650;102310
7650;101840
7650;102700
7650;102180
7650;102450
7650;102500
7650;102840
7650;102850
7650;102020
7650;102640
7650;102490
7650;102610
7650;102150
7650;101920
7650;102790
7650;102280
7650;102410
7650;102800
7650;102630
7650;102620
7650;102550
7650;102720
7650;102370
7650;102110
7650;102090
7650;101880
7650;101860
7650;102930
7650;102250
7650;102520
7650;102640
7650;102100
7650;102100
7650;102490
7650;102700
7650;102410
7650;102660
7650;102370
7650;102040
7650;102080
7650;102360
7650;102430
7650;102750
7650;102340
7650;102170
7650;101950
7650;102280
7650;102050
7650;102480
7650;102290
7650;102120
7650;102430
7650;102270
7650;102220
7650;102670
7650;101930
7650;102010
7650;102800
7650;102800
7650;102360
7650;102260
7650;102390
7650;102450
7650;102670
7650;102730
7650;102710
7650;102810
7650;101920
7650;102610
7650;102280
7661;101190
7661;100960
7661;101410
7661;100960
7661;100790
7661;101250
7661;101470
7661;101510
7661;100660
7661;100630
7661;100880
7661;101350
7661;101520
7661;101180
7661;101370
7661;100800
7661;100760
7661;100990
7661;100770
7661;101120
7661;101320
7661;101090
7661;101010
7661;100750
7661;101510
7661;101400
7661;100790
7661;100920
7661;101060
7661;100860
7661;101070
7661;101200
7661;101050
7661;100960
7661;100970
7661;101290
7661;100670
7661;101350
7661;101250
7661;101300
7661;101360
7661;100770
7661;101110
7661;100820
7661;100720
7661;100890
7661;100840
7661;101130
7661;101340
7661;101420
7661;101250
7661;101580
7661;101190
7661;101670
7661;100590
7661;101330
7661;100700
7661;100960
7661;100780
7661;101200
7661;100880
7661;100860
7661;100800
7661;101210
7661;101190
7661;100720
7661;101490
7661;101010
7661;100710
7661;101220
7661;100900
7661;100920
7661;101340
7661;101160
7661;100700
7661;100690
7661;100980
7661;101500
7661;101340
7661;100790
7661;101320
7661;100990
7661;101240
7661;101420
7661;101240
7661;100990
7661;100890
7661;100810
7661;101070
7661;101390
7661;100880
7661;100760
7661;101350
7661;101000
7661;100650
7661;101040
7661;101170
7661;101130
7661;101370
7661;101070
7661;101090
7661;101440
7661;101400
7661;101540
7661;100930
7661;100620
7661;100810
7661;101050
7661;101180
7661;100950
7661;101070
7661;100770
7661;101520
7661;100980
7661;101210
7661;101490
7661;101530
7661;100650
7661;100880
7661;100950
7690;102290
7690;102220
7690;102510
7690;102420
7690;102320
7690;102730
7690;102310
7690;102280
7690;102380
7690;102530
7690;102450
7690;102720
7690;102520
7690;102450
7690;102310
7690;102090
7690;102620
7690;102360
7690;102170
7690;102700
7690;102480
7690;102600
7690;101960
7690;102070
7690;102120
7690;102770
7690;102690
7690;102120
7690;102540
7690;102560
7690;102310
7690;102930
7690;102590
7690;102840
7690;102100
7690;102420
7690;102260
7690;102620
7690;102460
7690;102320
7690;102020
7690;102720
7690;102540
7690;102090
7690;102410
7690;102420
7690;102200
7690;102080
7690;102560
7690;102730
7690;102580
7690;102850
7690;102310
7690;102070
7690;102460
7690;102660
7690;102130
7690;102290
7690;102400
7690;102120
7690;102550
7690;102710
7690;102820
7690;102280
7690;102250
7690;102890
7690;102110
7690;102250
7690;102710
7690;103030
7690;102580
7690;102600
7690;102050
7690;102130
7690;102060
7690;102120
7690;102310
7690;102150
7690;102810
7690;102100
7690;102230
7690;102400
7690;102530
7690;102540
7690;102120
7690;102800
7690;102170
7690;102170
7690;102650
7690;102900
7690;102570
7690;102520
7690;102320
7690;102180
7690;102740
7690;102540
7690;102770
7690;102910
7690;102210
7690;102230
7690;102150
7690;102810
7690;102220
7690;102290
7690;102750
7690;102420
7690;102660
7690;102250
7690;102120
7690;102390
7690;102690
7690;102430
7690;102250
7690;102170
7690;102390
7690;102440
7690;102700
7690;102690
7690;102350
7690;102320
7747;102560
7747;102290
7747;102490
7747;102420
7747;102470
7747;102600
7747;102060
7747;102550
7747;102220
7747;102220
7747;101900
7747;102370
7747;102500
7747;102500
7747;102610
7747;102280
7747;101980
7747;102330
7747;102510
7747;102670
7747;102450
7747;101470
7747;102630
7747;101410
7747;102650
7747;101990
7747;102560
7747;102110
7747;102350
7747;102500
7747;102130
7747;102440
7747;102610
7747;102670
7747;102780
7747;101660
7747;102270
7747;102270
7747;101480
7747;101560
7747;102160
7747;102530
7747;102510
7747;102620
7747;102600
7747;102570
7747;102680
7747;101360
7747;102490
7747;101550
7747;102020
7747;102470
7747;102310
7747;102420
7747;102680
7747;102700
7747;102110
7747;101970
7747;102480
7747;101720
7747;101460
7747;101610
7747;102450
7747;102670
7747;102540
7747;102400
7747;101580
7747;102320
7747;102510
7747;101880
7747;102470
7747;101880
7747;102350
7747;102610
7747;101520
7747;102420
7747;102450
7747;102530
7747;102360
7747;102520
7747;102560
7747;101680
7747;101800
7747;102430
7747;102390
7747;102360
7747;102570
7747;102540
7747;102280
7747;102520
7747;102470
7747;102740
7747;102610
7747;102560
7747;102510
7747;102160
7747;101720
7747;102590
7747;102640
7747;102630
7747;101400
7747;102370
7747;101590
7747;102420
7747;102090
7747;102020
7747;101520
7747;102540
7747;102610
7747;102470
7747;102530
7747;102500
7747;102380
7747;102400
7747;102230
7747;102430
7747;101710
7747;102510
7747;101610
7747;102380
7761;102410
7761;102510
7761;102740
7761;102500
7761;102320
7761;102410
7761;103050
7761;102800
7761;102770
7761;102350
7761;102940
7761;102430
7761;102480
7761;102600
7761;103170
7761;102970
7761;102740
7761;102990
7761;102490
7761;102640
7761;102860
7761;102900
7761;103140
7761;102480
7761;102700
7761;103000
7761;102810
7761;102690
7761;102540
7761;102630
7761;102800
7761;102750
7761;103130
7761;103120
7761;102660
7761;102860
7761;102880
7761;102510
7761;102700
7761;102560
7761;102650
7761;103060
7761;102730
7761;102450
7761;102910
7761;102570
7761;102780
7761;102440
7761;102350
7761;102560
7761;102380
7761;102550
7761;102440
7761;102650
7761;102790
7761;102360
7761;102470
7761;102610
7761;102330
7761;102840
7761;102740
7761;102950
7761;102250
7761;102520
7761;102460
7761;102420
7761;102670
7761;102750
7761;103250
7761;102900
7761;102300
7761;102560
7761;102890
7761;103130
7761;102830
7761;103000
7761;102590
7761;102520
7761;102500
7761;103070
7761;102560
7761;102440
7761;102920
7761;103090
7761;102680
7761;102690
7761;102350
7761;102670
7761;102460
7761;102310
7761;103040
7761;102490
7761;102880
7761;102440
7761;102490
7761;103030
7761;103150
7761;102510
7761;102540
7761;103130
7761;103060
7761;102430
7761;102570
7761;102300
7761;102510
7761;102870
7761;102370
7761;102730
7761;102340
7761;102310
7761;102360
7761;102970
7761;102990
7761;102750
7761;102400
7761;102490
7761;102430
7761;102600
7761;102710
7761;102810
7790;102580
7790;102560
7790;102280
7790;102590
7790;102850
7790;102560
7790;102730
7790;102200
7790;102880
7790;102640
7790;102500
7790;102560
7790;102460
7790;102760
7790;102610
7790;102530
7790;103030
7790;102980
7790;102640
7790;102570
7790;102990
7790;102850
7790;102630
7790;102660
7790;102790
7790;102330
7790;102420
7790;102910
7790;103020
7790;102390
7790;102330
7790;102390
7790;102510
7790;102320
7790;102290
7790;102950
7790;102640
7790;102310
7790;102500
7790;102560
7790;102790
7790;102860
7790;102730
7790;102500
7790;102590
7790;102510
7790;102640
7790;102780
7790;102300
7790;102540
7790;102350
7790;102310
7790;102900
7790;102640
7790;102320
7790;102310
7790;102660
7790;102850
7790;102990
7790;102990
7790;102850
7790;102300
7790;102770
7790;102280
7790;102480
7790;102450
7790;102670
7790;102820
7790;102790
7790;102420
7790;102760
7790;102880
7790;103030
7790;102440
7790;102460
7790;102540
7790;102460
7790;103040
7790;102690
7790;102690
7790;102350
7790;102310
7790;102550
7790;102940
7790;102490
7790;102950
7790;102180
7790;102350
7790;102710
7790;103130
7790;102460
7790;102910
7790;102910
7790;102170
7790;102460
7790;102440
7790;102900
7790;102880
7790;102400
7790;102550
7790;102380
7790;102530
7790;102210
7790;102750
7790;102180
7790;102400
7790;102480
7790;102620
7790;102690
7790;102810
7790;102910
7790;102860
7790;102480
7790;102450
7790;102940
7790;102430
7790;102470
7790;102820
7790;102480
7790;102840
